{"fcoutput": 2187.4760073765437, "randomNoise_pctprob": 3.558872296580432, "noise_max_freq_pct": 5.022765439190383, "learning_rate": 4.769007360288074, "sampling_factor": 24.81084659523191, "batch_size": 16, "conv1filters": [128], "noise_min_freq_pct": 2.18111974556825, "sampling_intercept": 1.0188215245980787, "brighten_extent_max": 29.116300334706935, "changeBrightness_pctprob": 29.666031400878143, "histogramEqualization_pctprob": 29.176929033914355, "nb_epochs": 250, "blur_extent_distance": 4.106509464410871, "num_fc": 3.4923055969441794, "augment": true, "blur_extent_min": 4.839253657731142, "occl_area_distance": 0.5709095944843784, "conv2filters": [256, 512, 512], "samples_per_epoch": 4000, "conv0filters": [32], "addConstantOcclusion_pctprob": 0.24418860468817538, "brighten_extent_min": -42.25521338332514, "gaussianBlur_pctprob": 18.646085673699403, "weighted_sampling": true, "occl_min_area": 0.147753796983528, "dropout": 0.45241215168761156, "horizontalFlip_pctprob": 50}