{"fcoutput": 1244.4248672070737, "randomNoise_pctprob": 6.038056216437225, "noise_max_freq_pct": 8.59196558506657, "learning_rate": 4.621095437588023, "sampling_factor": 1.3701269515388699, "batch_size": 16, "conv1filters": [32], "noise_min_freq_pct": 1.5711513780638096, "sampling_intercept": 2.68440235013433, "brighten_extent_max": 17.563622176671583, "changeBrightness_pctprob": 26.20333156298223, "histogramEqualization_pctprob": 4.278643669013187, "nb_epochs": 250, "blur_extent_distance": 5.471400781963695, "num_fc": 2.240275952077771, "augment": true, "blur_extent_min": 2.227690492504783, "occl_area_distance": 0.3636362849692958, "conv2filters": [256, 256], "samples_per_epoch": 4000, "conv0filters": [64], "addConstantOcclusion_pctprob": 6.455880632429205, "brighten_extent_min": -9.013235642378028, "gaussianBlur_pctprob": 22.653169799731838, "weighted_sampling": true, "occl_min_area": 0.042435372275725095, "dropout": 0.3788020401858151, "horizontalFlip_pctprob": 50}