{"fcoutput": 2079.0220682753716, "randomNoise_pctprob": 13.400105720456509, "noise_max_freq_pct": 9.381518624394628, "learning_rate": 4.23396310557871, "sampling_factor": 1.463230175971538, "batch_size": 16, "conv1filters": [128], "noise_min_freq_pct": 2.3573816248772785, "sampling_intercept": 1.621141961841622, "brighten_extent_max": 25.8064091044265, "changeBrightness_pctprob": 16.714261979633143, "histogramEqualization_pctprob": 29.483464035865392, "nb_epochs": 250, "blur_extent_distance": 4.158669521613111, "num_fc": 0.1569019555744857, "augment": true, "blur_extent_min": 2.807842644879046, "occl_area_distance": 0.2481093475936688, "conv2filters": [256, 256, 256], "samples_per_epoch": 4000, "conv0filters": [64, 64], "addConstantOcclusion_pctprob": 0.31261244002425004, "brighten_extent_min": -32.8483179150716, "gaussianBlur_pctprob": 20.971155651231115, "weighted_sampling": true, "occl_min_area": 0.21898923795715441, "dropout": 0.5478380034535812, "horizontalFlip_pctprob": 50}